audio_file|text
C:\Users\Don\Desktop\DomeSim\voice1\my-voice\clips\mic-20260804-121349-p01.wav|Welcome. We are going to build this idea one careful step at a time.
C:\Users\Don\Desktop\DomeSim\voice1\my-voice\clips\mic-20260804-121359-p02.wav|A triangle holds its shape because all three sides constrain one another.
C:\Users\Don\Desktop\DomeSim\voice1\my-voice\clips\mic-20260804-121409-p03.wav|The measured length is seventy-two inches, plus or minus one eighth.
C:\Users\Don\Desktop\DomeSim\voice1\my-voice\clips\mic-20260804-121417-p04.wav|Short members are sixty-three point five inches from center to center.
C:\Users\Don\Desktop\DomeSim\voice1\my-voice\clips\mic-20260804-121427-p05.wav|What changes when the midpoint is projected back onto the sphere?
C:\Users\Don\Desktop\DomeSim\voice1\my-voice\clips\mic-20260804-121434-p06.wav|Notice how the force travels down both sides and into the foundation.
C:\Users\Don\Desktop\DomeSim\voice1\my-voice\clips\mic-20260804-121440-p07.wav|PVC, timber, aluminum, and steel require different connection details.
C:\Users\Don\Desktop\DomeSim\voice1\my-voice\clips\mic-20260804-121446-p08.wav|First verify the radius; then check the diameter, height, and base level.
C:\Users\Don\Desktop\DomeSim\voice1\my-voice\clips\mic-20260804-121458-p09.wav|The golden ratio is one point six one eight zero three four.
C:\Users\Don\Desktop\DomeSim\voice1\my-voice\clips\mic-20260804-121503-p10.wav|This is not a shortcut. It is a second method for checking the same result.
C:\Users\Don\Desktop\DomeSim\voice1\my-voice\clips\mic-20260804-121534-p15.wav|Why do repeated errors become more visible near the top of the dome?
C:\Users\Don\Desktop\DomeSim\voice1\my-voice\clips\mic-20260804-121541-p16.wav|Ten base hubs form a regular decagon on a flat and level foundation.
C:\Users\Don\Desktop\DomeSim\voice1\my-voice\clips\mic-20260804-121547-p17.wav|Thirty short struts and thirty-five long struts make sixty-five members.
